{
  "8122092283": {
    "balance": 7500,
    "portfolio": {
      "BTCUSDT": {
        "quantity": 0.015054973990274187,
        "totalSpent": 1000,
        "avgPrice": 66423.23
      },
      "ETHUSDT": {
        "quantity": 0.7624469463999797,
        "totalSpent": 1500,
        "avgPrice": 1967.35
      }
    }
  }
}