{
  "8122092283": {
    "balance": 8995.34918724566,
    "portfolio": {
      "BTCUSDT": {
        "quantity": 0.015094651768647894,
        "totalSpent": 1000,
        "avgPrice": 66248.63
      }
    }
  }
}