{
  "981082030": {
    "balance": 6600,
    "portfolio": {
      "ETH": 0.5027045504815909,
      "BTC": 0.021913568794143058,
      "XRP": 617.4957118353344
    }
  },
  "8122092283": {
    "balance": 7700,
    "portfolio": {
      "BTC": 0.02188183807439825,
      "ETH": 0.40217172732756884
    }
  }
}